{"cameraMode":{"drawMode":0,"name":"Shaded","section":"Shading Mode"},"sceneLighting":true,"audioPlay":false,"sceneViewState":{"m_AlwaysRefresh":false,"showFog":false,"showSkybox":true,"showFlares":true,"showImageEffects":true,"showParticleSystems":true,"showVisualEffectGraphs":true,"m_FxEnabled":true},"in2DMode":false,"pivot":{"x":0.10832023620605469,"y":-0.18891286849975587,"z":4.923620700836182},"rotation":{"x":-0.07654173672199249,"y":0.8525350093841553,"z":-0.1304265260696411,"w":-0.5003160238265991},"size":7.5330424308776859,"orthographic":false}