{"cameraMode":{"drawMode":0,"name":"Shaded","section":"Shading Mode"},"sceneLighting":true,"audioPlay":false,"sceneViewState":{"m_AlwaysRefresh":false,"showFog":false,"showSkybox":true,"showFlares":true,"showImageEffects":true,"showParticleSystems":true,"showVisualEffectGraphs":true,"m_FxEnabled":true},"in2DMode":false,"pivot":{"x":4.228391647338867,"y":11.682280540466309,"z":-3.03230357170105},"rotation":{"x":0.5681067109107971,"y":0.030175374820828439,"z":-0.022280996665358545,"w":0.8230302333831787},"size":0.048611097037792209,"orthographic":false}