{"cameraMode":{"drawMode":0,"name":"Shaded","section":"Shading Mode"},"sceneLighting":false,"audioPlay":false,"sceneViewState":{"m_AlwaysRefresh":false,"showFog":false,"showSkybox":false,"showFlares":true,"showImageEffects":true,"showParticleSystems":true,"showVisualEffectGraphs":true,"m_FxEnabled":true},"in2DMode":false,"pivot":{"x":4.494229316711426,"y":-0.29556918144226076,"z":4.494163513183594},"rotation":{"x":-0.014010611921548844,"y":0.8643853664398193,"z":-0.5020669102668762,"w":-0.024121854454278947},"size":9.483170509338379,"orthographic":false}